Player id,Player,Goals,Position,Club,League,Age,Country,Domestic,
269058,James RODRIGUEZ,6,Midfielder,AS Monaco,France,22,Colombia,FALSE,
321722,Thomas MUELLER,5,Forward,FC Bayern Muenchen,Germany,24,Germany,TRUE,
314197,NEYMAR,4,Forward,FC Barcelona,Spain,22,Brazil,FALSE,
229397,Lionel MESSI,4,Forward,FC Barcelona,Spain,26,Argentina,FALSE,
217315,Robin VAN PERSIE,4,Forward,Manchester United FC,England,30,Netherlands,FALSE,
184616,Arjen ROBBEN,3,Forward,FC Bayern Muenchen,Germany,30,Netherlands,FALSE,
373400,Enner VALENCIA,3,Forward,CF Pachuca,Mexico,24,Ecuador,FALSE,
297103,Karim BENZEMA,3,Forward,Real Madrid CF,Spain,26,France,FALSE,
321653,Xherdan SHAQIRI,3,Midfielder,FC Bayern Muenchen,Germany,22,Switzerland,FALSE,
306548,Andre SCHUERRLE,3,Forward,Chelsea FC,England,23,Germany,FALSE,
294620,Andre AYEW,2,Midfielder,Olympique Marseille,France,24,Ghana,FALSE,
207851,Clint DEMPSEY,2,Forward,Seattle Sounders FC,USA,31,USA,TRUE,
290186,GERVINHO,2,Forward,AS Roma,Italy,27,Ivory Coast,FALSE,
359381,Ivan PERISIC,2,Midfielder,VfL Wolfsburg,Germany,25,Croatia,FALSE,
270775,Luis SUAREZ,2,Forward,Liverpool FC,England,27,Uruguay,FALSE,
375518,Mario MANDZUKIC,2,Forward,FC Bayern Muenchen,Germany,28,Croatia,FALSE,
336098,Memphis DEPAY,2,Forward,PSV Eindhoven,Netherlands,20,Netherlands,TRUE,
213001,Tim CAHILL,2,Forward,New York Red Bulls,USA,34,Australia,FALSE,
353118,Wilfried BONY,2,Forward,Swansea City AFC,England,25,Ivory Coast,FALSE,
228627,Alexis SANCHEZ,2,Forward,FC Barcelona,Spain,25,Chile,FALSE,
208353,Asamoah GYAN,2,Forward,Al Ain FC,United Arab Emirates,28,Ghana,FALSE,
214876,Bryan RUIZ,2,Forward,PSV Eindhoven,Netherlands,28,Costa Rica,FALSE,
354859,Islam SLIMANI,2,Forward,Sporting CP,Portugal,26,Algeria,FALSE,
313832,Jackson MARTINEZ,2,Forward,FC Porto,Portugal,27,Colombia,FALSE,
344714,Ahmed MUSA,2,Forward,CSKA Moscow,Russia,21,Nigeria,FALSE,
354875,Abdelmoumene DJABOU,2,Forward,Club Africain,Tunisia,27,Algeria,FALSE,
311150,Mats HUMMELS,2,Defender,Borussia Dortmund,Germany,25,Germany,TRUE,
182206,Miroslav KLOSE,2,Forward,SS Lazio,Italy,36,Germany,FALSE,
312868,OSCAR,2,Midfielder,Chelsea FC,England,22,Brazil,FALSE,
271043,DAVID LUIZ,2,Defender,Chelsea FC,England,27,Brazil,FALSE,
275162,Toni KROOS,2,Midfielder,FC Bayern Muenchen,Germany,24,Germany,TRUE,
309316,Mario GOETZE,2,Forward,FC Bayern Muenchen,Germany,22,Germany,TRUE,
356409,Admir MEHMEDI,1,Forward,SC Freiburg,Germany,23,Switzerland,FALSE,
186808,Aleksandr KERZHAKOV,1,Forward,FC Zenit St. Petersburg,Russia,31,Russia,TRUE,
251352,Andres GUARDADO,1,Defender,Bayer 04 Leverkusen,Germany,27,Mexico,FALSE,
358014,Blaise MATUIDI,1,Midfielder,Paris Saint-Germain FC,France,27,France,TRUE,
216646,Blerim DZEMAILI,1,Midfielder,SSC Napoli,Italy,28,Switzerland,FALSE,
271414,Carlo COSTLY,1,Forward,Real Espana,Honduras,31,Honduras,TRUE,
318150,Charles ARANGUIZ,1,Midfielder,SC Internacional,Brazil,25,Chile,FALSE,
298664,Claudio MARCHISIO,1,Midfielder,Juventus FC,Italy,28,Italy,TRUE,
306532,Daniel STURRIDGE,1,Forward,Liverpool FC,England,24,England,TRUE,
229884,David VILLA,1,Forward,Atletico Madrid,Spain,32,Spain,TRUE,
229499,Diego GODIN,1,Defender,Atletico Madrid,Spain,28,Uruguay,FALSE,
379911,Divock ORIGI,1,Forward,Lille OSC,France,19,Belgium,FALSE,
358114,Dries MERTENS,1,Midfielder,SSC Napoli,Italy,27,Belgium,FALSE,
267834,Edinson CAVANI,1,Forward,Paris Saint-Germain FC,France,27,Uruguay,FALSE,
270301,Eduardo VARGAS,1,Forward,Valencia CF,Spain,24,Chile,FALSE,
208016,FERNANDINHO,1,Midfielder,Manchester City FC,England,29,Brazil,FALSE,
183864,Fernando TORRES,1,Forward,Chelsea FC,England,30,Spain,FALSE,
233952,FRED,1,Forward,Fluminense FC,Brazil,30,Brazil,TRUE,
311558,Granit XHAKA,1,Midfielder,Borussia Moenchengladbach,Germany,21,Switzerland,FALSE,
311554,Haris SEFEROVIC,1,Forward,Real Sociedad,Spain,22,Switzerland,FALSE,
187258,Ivica OLIC,1,Forward,VfL Wolfsburg,Germany,34,Croatia,FALSE,
228599,Javier HERNANDEZ,1,Forward,Manchester United FC,England,26,Mexico,FALSE,
209502,Jean BEAUSEJOUR,1,Midfielder,Wigan Athletic FC,England,30,Chile,FALSE,
183893,Jermaine JONES,1,Midfielder,Besiktas JK,Turkey,32,USA,FALSE,
307529,Joel CAMPBELL,1,Forward,Olympiacos Piraeus FC,Greece,21,Costa Rica,FALSE,
320375,Joel MATIP,1,Midfielder,FC Schalke 04,Germany,22,Cameroon,FALSE,
373555,John BROOKS,1,Defender,Hertha BSC,Germany,21,USA,FALSE,
202655,Jorge VALDIVIA,1,Midfielder,Palmeiras,Brazil,30,Chile,FALSE,
309714,Juan CUADRADO,1,Midfielder,ACF Fiorentina,Italy,26,Colombia,FALSE,
267811,Juan MATA,1,Forward,Manchester United FC,England,26,Spain,FALSE,
356704,Juan QUINTERO,1,Midfielder,FC Porto,Portugal,21,Colombia,FALSE,
233500,Keisuke HONDA,1,Forward,AC Milan,Italy,28,Japan,FALSE,
291393,KOO Jacheol,1,Forward,FSV Mainz 05,Germany,25,South Korea,FALSE,
268149,LEE Keunho,1,Forward,Sangju Sangmu FC,South Korea,29,South Korea,TRUE,
319436,Leroy FER,1,Midfielder,Norwich City FC,England,24,Netherlands,FALSE,
270144,Marcos URENA,1,Forward,Kuban Krasnodar,Russia,24,Costa Rica,FALSE,
301059,Mario BALOTELLI,1,Forward,AC Milan,Italy,23,Italy,TRUE,
290902,Marouane FELLAINI,1,Midfielder,Manchester United FC,England,26,Belgium,FALSE,
297106,Mathieu VALBUENA,1,Midfielder,Olympique Marseille,France,29,France,TRUE,
197514,Mile JEDINAK,1,Midfielder,Crystal Palace FC,England,29,Australia,FALSE,
317056,Moussa SISSOKO,1,Midfielder,Newcastle United FC,England,24,France,FALSE,
254167,NANI,1,Forward,Manchester United FC,England,27,Portugal,FALSE,
358015,Olivier GIROUD,1,Forward,Arsenal FC,England,27,France,FALSE,
227851,Oribe PERALTA,1,Forward,Club Santos Laguna,Mexico,30,Mexico,TRUE,
312987,Oscar DUARTE,1,Defender,Club Brugge KV,Belgium,25,Costa Rica,FALSE,
200213,Pablo ARMERO,1,Defender,West Ham United FC,England,27,Colombia,FALSE,
214228,Peter ODEMWINGIE,1,Forward,Stoke City FC,England,32,Nigeria,FALSE,
178119,Rafael MARQUEZ,1,Defender,Club Leon,Mexico,35,Mexico,TRUE,
296827,Rafik HALLICHE,1,Defender,Academica Coimbra,Portugal,27,Algeria,FALSE,
286278,Shinji OKAZAKI,1,Forward,FSV Mainz 05,Germany,28,Japan,FALSE,
319358,Sofiane FEGHOULI,1,Forward,Valencia CF,Spain,24,Algeria,FALSE,
307849,SON Heungmin,1,Midfielder,Bayer 04 Leverkusen,Germany,21,South Korea,FALSE,
313021,Stefan DE VRIJ,1,Defender,Feyenoord Rotterdam,Netherlands,22,Netherlands,TRUE,
309716,Teofilo GUTIERREZ,1,Forward,CA River Plate,Argentina,29,Colombia,FALSE,
254166,VARELA,1,Forward,FC Porto,Portugal,29,Portugal,TRUE,
300411,Vedad IBISEVIC,1,Forward,VfB Stuttgart,Germany,29,Bosnia & Herzegovina,FALSE,
196842,Wayne ROONEY,1,Forward,Manchester United FC,England,28,England,TRUE,
207528,Xabi ALONSO,1,Midfielder,Real Madrid CF,Spain,32,Spain,TRUE,
366309,Yacine BRAHIMI,1,Midfielder,Granada CF,Spain,24,Algeria,FALSE,
362649,Andreas SAMARIS,1,Midfielder,Olympiacos Piraeus FC,Greece,25,Greece,TRUE,
297112,Georgios SAMARAS,1,Forward,Celtic FC,Scotland,29,Greece,FALSE,
358048,Alexander KOKORIN,1,Forward,FC Dynamo Moscow,Russia,23,Russia,TRUE,
359997,Avdija VRSAJEVIC,1,Midfielder,HNK Hajduk Split,Croatia,28,Bosnia & Herzegovina,FALSE,
201200,CRISTIANO RONALDO,1,Forward,Real Madrid CF,Spain,29,Portugal,FALSE,
300409,Edin DZEKO,1,Forward,Manchester City FC,England,28,Bosnia & Herzegovina,FALSE,
234551,Giovani DOS SANTOS,1,Forward,Villarreal CF,Spain,25,Mexico,FALSE,
290904,Jan VERTONGHEN,1,Defender,Tottenham Hotspur FC,England,27,Belgium,FALSE,
184615,Klaas Jan HUNTELAAR,1,Forward,FC Schalke 04,Germany,30,Netherlands,FALSE,
318688,Marcos ROJO,1,Defender,Sporting CP,Portugal,24,Argentina,FALSE,
299198,Miralem PJANIC,1,Midfielder,AS Roma,Italy,24,Bosnia & Herzegovina,FALSE,
362641,Reza GHOOCHANNEJAD,1,Forward,Charlton Athletic FC,England,26,Iran,FALSE,
299090,Sokratis PAPASTATHOPOULOS,1,Defender,Borussia Dortmund,Germany,26,Greece,FALSE,
215002,Wesley SNEIJDER,1,Midfielder,Galatasaray SK,Turkey,30,Netherlands,FALSE,
305036,Mesut OEZIL,1,Midfielder,Arsenal FC,England,25,Germany,FALSE,
367388,Paul POGBA,1,Midfielder,Juventus FC,Italy,21,France,FALSE,
266800,Angel DI MARIA,1,Midfielder,Real Madrid CF,Spain,26,Argentina,FALSE,
369094,Julian GREEN,1,Midfielder,FC Bayern Muenchen,Germany,19,USA,FALSE,
358120,Kevin DE BRUYNE,1,Midfielder,VfL Wolfsburg,Germany,22,Belgium,FALSE,
358112,Romelu LUKAKU,1,Forward,Everton FC,England,21,Belgium,FALSE,
271550,Gonzalo HIGUAIN,1,Forward,SSC Napoli,Italy,26,Argentina,FALSE,
196900,Sami KHEDIRA,1,Midfielder,Real Madrid CF,Spain,27,Germany,FALSE,
289964,THIAGO SILVA,1,Defender,Paris Saint-Germain FC,France,29,Brazil,FALSE,
319432,Daley BLIND,1,Defender,AFC Ajax,Netherlands,24,Netherlands,TRUE,
319438,Georginio WIJNALDUM,1,Midfielder,PSV Eindhoven,Netherlands,23,Netherlands,TRUE,
198243,Abel AGUILAR,0,Midfielder,Toulouse FC,France,29,Colombia,FALSE,
305372,Abel HERNANDEZ,0,Forward,US Citta di Palermo,Italy,23,Uruguay,FALSE,
379972,Acquah AFRIYIE,0,Midfielder,Parma FC,Italy,22,Ghana,FALSE,
353237,Adam KWARASEY,0,Goalkeeper,Stromsgodset IF,Norway,26,Ghana,FALSE,
361222,Adam LALLANA,0,Midfielder,Southampton FC,England,26,England,TRUE,
368902,Adam TAGGART,0,Forward,Newcastle United Jets FC,Australia,21,Australia,TRUE,
379910,Adnan JANUZAJ,0,Midfielder,Manchester United FC,England,19,Belgium,FALSE,
349568,Adrian BONE,0,Goalkeeper,CD El Nacional,Ecuador,25,Ecuador,TRUE,
200847,Adrian RAMOS,0,Forward,Hertha BSC,Germany,28,Colombia,FALSE,
274703,Agustin ORION,0,Goalkeeper,CA Boca Juniors,Argentina,32,Argentina,TRUE,
295153,Ahmad ALNAMEH,0,Defender,Naft Tehran FC,Iran,31,Iran,TRUE,
376285,Aissa MANDI,0,Defender,Stade de Reims,France,22,Algeria,FALSE,
302539,Alan DZAGOEV,0,Midfielder,CSKA Moscow,Russia,24,Russia,TRUE,
336722,Alan PULIDO,0,Forward,Tigres UANL,Mexico,23,Mexico,TRUE,
364707,Albert ADOMAH,0,Midfielder,Middlesbrough FC,England,26,Ghana,FALSE,
215623,Alberto AQUILANI,0,Midfielder,ACF Fiorentina,Italy,29,Italy,TRUE,
296273,Alejandro BEDOYA,0,Midfielder,FC Nantes,France,27,USA,FALSE,
369983,Aleksei KOZLOV,0,Defender,FC Dynamo Moscow,Russia,27,Russia,TRUE,
228942,Alessio CERCI,0,Forward,Torino FC,Italy,26,Italy,TRUE,
336869,Alex IBARRA,0,Midfielder,Vitesse Arnheim,Netherlands,23,Ecuador,FALSE,
356198,Alex OXLADE CHAMBERLAIN,0,Midfielder,Arsenal FC,England,20,England,TRUE,
182620,Alex WILKINSON,0,Defender,Jeonbuk Hyundai Motors FC,South Korea,29,Australia,FALSE,
303419,Alexander DOMINGUEZ,0,Goalkeeper,LDU Quito,Ecuador,27,Ecuador,TRUE,
228691,Alexander MEJIA,0,Midfielder,Atletico Nacional,Colombia,25,Colombia,TRUE,
216435,Alexander SAMEDOV,0,Forward,FC Lokomotiv Moscow,Russia,29,Russia,TRUE,
200261,Alexandre SONG,0,Midfielder,FC Barcelona,Spain,26,Cameroon,FALSE,
228351,Alexandros TZIOLIS,0,Midfielder,Kayserispor,Turkey,29,Greece,FALSE,
358881,Alexey IONOV,0,Forward,FC Dynamo Moscow,Russia,25,Russia,TRUE,
175546,Alfredo TALAVERA,0,Goalkeeper,Deportivo Toluca FC,Mexico,31,Mexico,TRUE,
346763,Alireza HAGHIGHI,0,Goalkeeper,Sporting Covilha,Portugal,26,Iran,FALSE,
379886,Alireza JAHAN BAKHSH,0,Forward,NEC Nijmegen,Netherlands,20,Iran,FALSE,
355023,Allan NYOM,0,Defender,Granada CF,Spain,26,Cameroon,FALSE,
286259,Alvaro GONZALEZ,0,Midfielder,SS Lazio,Italy,29,Uruguay,FALSE,
229502,Alvaro PEREIRA,0,Midfielder,Sao Paulo FC,Brazil,28,Uruguay,FALSE,
213124,Amirhossein SADEGHI,0,Defender,Esteghlal Tehran FC,Iran,32,Iran,TRUE,
237949,Andranik TIMOTIAN,0,Midfielder,Esteghlal Tehran FC,Iran,31,Iran,TRUE,
375453,ANDRE ALMEIDA,0,Defender,SL Benfica,Portugal,23,Portugal,TRUE,
214377,Andrea BARZAGLI,0,Defender,Juventus FC,Italy,33,Italy,TRUE,
177876,Andrea PIRLO,0,Midfielder,Juventus FC,Italy,35,Italy,TRUE,
183857,Andres INIESTA,0,Midfielder,FC Barcelona,Spain,30,Spain,TRUE,
358893,Andrey ESHCHENKO,0,Defender,FC Anzhi Makhachkala,Russia,30,Russia,TRUE,
379985,Andrey SEMENOV,0,Defender,FC Terek Grozny,Russia,25,Russia,TRUE,
330693,Andy NAJAR,0,Midfielder,RSC Anderlecht,Belgium,21,Honduras,FALSE,
374529,Anel HADZIC,0,Midfielder,SK Sturm Graz,Austria,24,Bosnia & Herzegovina,FALSE,
369058,Ante REBIC,0,Forward,ACF Fiorentina,Italy,20,Croatia,FALSE,
216006,Anthony VANDEN BORRE,0,Defender,RSC Anderlecht,Belgium,26,Belgium,TRUE,
336435,Antoine GRIEZMANN,0,Forward,Real Sociedad,Spain,23,France,FALSE,
298662,Antonio CANDREVA,0,Midfielder,SS Lazio,Italy,27,Italy,TRUE,
177927,Antonio CASSANO,0,Forward,Parma FC,Italy,31,Italy,TRUE,
202544,Antonio VALENCIA,0,Midfielder,Manchester United FC,England,28,Ecuador,FALSE,
367347,Aron JOHANNSSON,0,Forward,AZ Alkmaar,Netherlands,23,USA,FALSE,
198489,Arthur BOKA,0,Defender,VfB Stuttgart,Germany,31,Ivory Coast,FALSE,
267543,Arturo VIDAL,0,Midfielder,Juventus FC,Italy,27,Chile,FALSE,
196812,Ashkan DEJAGAH,0,Forward,Fulham FC,England,27,Iran,FALSE,
358097,Asmir AVDUKIC,0,Goalkeeper,FK Borac Banja Luka,Bosnia & Herzegovina,33,Bosnia & Herzegovina,TRUE,
230121,Asmir BEGOVIC,0,Goalkeeper,Stoke City FC,England,26,Bosnia & Herzegovina,FALSE,
268474,Atsuto UCHIDA,0,Defender,FC Schalke 04,Germany,26,Japan,FALSE,
298892,Augusto FERNANDEZ,0,Midfielder,Celta Vigo,Spain,28,Argentina,FALSE,
278732,Aurelien CHEDJOU,0,Defender,Galatasaray SK,Turkey,28,Cameroon,FALSE,
184856,Austine EJIDE,0,Goalkeeper,Hapoel Be'er Sheva FC,Israel,30,Nigeria,FALSE,
290821,Axel WITSEL,0,Midfielder,FC Zenit St. Petersburg,Russia,25,Belgium,FALSE,
356711,Azubuike EGWUEKWE,0,Defender,Warri Wolves FC,Nigeria,24,Nigeria,TRUE,
254141,Bacary SAGNA,0,Defender,Arsenal FC,England,31,France,FALSE,
379165,Bailey WRIGHT,0,Defender,Preston North End FC,England,21,Australia,FALSE,
346731,Bakhtiar RAHMANI,0,Midfielder,Foolad Khuzestan FC,Iran,22,Iran,TRUE,
196752,Bastian SCHWEINSTEIGER,0,Midfielder,FC Bayern Muenchen,Germany,29,Germany,TRUE,
253999,Ben FOSTER,0,Goalkeeper,West Bromwich Albion FC,England,31,England,TRUE,
379164,Ben HALLORAN,0,Forward,Fortuna Duesseldorf,Germany,22,Australia,FALSE,
311148,Benedikt HOEWEDES,0,Defender,FC Schalke 04,Germany,26,Germany,TRUE,
296118,Benjamin MOUKANDJO,0,Forward,AS Nancy,France,25,Cameroon,FALSE,
306180,Benoit ASSOU EKOTTO,0,Defender,Queens Park Rangers FC,England,30,Cameroon,FALSE,
356669,BERNARD,0,Forward,Shakhtar Donetsk,Ukraine,21,Brazil,FALSE,
214404,BETO,0,Goalkeeper,Sevilla FC,Spain,32,Portugal,FALSE,
237071,Boniek GARCIA,0,Midfielder,Houston Dynamo,USA,29,Honduras,FALSE,
178958,Boubacar BARRY,0,Goalkeeper,KSC Lokeren,Belgium,34,Ivory Coast,FALSE,
181951,Brad DAVIS,0,Midfielder,Houston Dynamo,USA,32,USA,TRUE,
276139,Brad GUZAN,0,Goalkeeper,Aston Villa FC,England,29,USA,FALSE,
339551,Brayan BECKELES,0,Defender,CD Olimpia,Honduras,28,Honduras,TRUE,
210213,BRUNO ALVES,0,Defender,Fenerbahce SK,Turkey,32,Portugal,FALSE,
358736,Bruno MARTINS INDI,0,Defender,Feyenoord Rotterdam,Netherlands,22,Netherlands,TRUE,
360642,Camilo VARGAS,0,Goalkeeper,Independiente Santa Fe,Colombia,25,Colombia,TRUE,
239237,Carl MEDJANI,0,Defender,Valenciennes FC,France,29,Algeria,FALSE,
349512,Carlos BACCA,0,Forward,Sevilla FC,Spain,27,Colombia,FALSE,
181698,Carlos CARBONERO,0,Midfielder,CA River Plate,Argentinia,23,Colombia,FALSE,
229436,Carlos CARMONA,0,Midfielder,Atalanta Bergamo,Italy,27,Chile,FALSE,
332827,Carlos GRUEZO,0,Midfielder,VfB Stuttgart,Germany,19,Ecuador,FALSE,
303394,Carlos PENA,0,Midfielder,Club Leon,Mexico,24,Mexico,TRUE,
218253,Carlos SALCIDO,0,Defender,Tigres UANL,Mexico,34,Mexico,TRUE,
280487,Carlos SANCHEZ,0,Midfielder,Elche CF,Spain,28,Colombia,FALSE,
217117,Carlos VALDES,0,Defender,CA San Lorenzo de Almagro,Argentina,29,Colombia,FALSE,
380060,Cedric DJEUGOUE,0,Defender,Coton Sport FC,Cameroon,21,Cameroon,TRUE,
356166,Cedric SI MOHAMMED,0,Goalkeeper,CS Constantine,Algeria,29,Algeria,TRUE,
236530,Celso BORGES,0,Midfielder,AIK Solna,Sweden,26,Costa Rica,FALSE,
270948,Cesar AZPILICUETA,0,Midfielder,Chelsea FC,England,24,Spain,FALSE,
200179,Cesc FABREGAS,0,Midfielder,FC Barcelona,Spain,27,Spain,TRUE,
216990,Charles ITANDJE,0,Goalkeeper,Konyaspor,Turkey,31,Cameroon,FALSE,
182479,Chigozie AGBIM,0,Goalkeeper,Enugu Rangers FC,Nigeria,29,Nigeria,TRUE,
356748,Chris SMALLING,0,Defender,Manchester United FC,England,24,England,TRUE,
339508,Chris WONDOLOWSKI,0,Forward,San Jose Earthquakes,USA,31,USA,TRUE,
355997,Christian ATSU,0,Midfielder,Vitesse Arnheim,Netherlands,22,Ghana,FALSE,
183796,Christian BOLANOS,0,Midfielder,FC Kobenhavn,Denmark,30,Costa Rica,FALSE,
380069,Christoph KRAMER,0,Midfielder,Borussia Moenchengladbach,Germany,23,Germany,TRUE,
306780,Ciro IMMOBILE,0,Forward,Torino FC,Italy,24,Italy,TRUE,
202650,Claudio BRAVO,0,Goalkeeper,Real Sociedad,Spain,31,Chile,FALSE,
240718,Constant DJAKPA,0,Defender,Eintracht Frankfurt,Germany,27,Ivory Coast,FALSE,
279417,Cristhian NOBOA,0,Midfielder,FC Dynamo Moscow,Russia,29,Ecuador,FALSE,
229506,Cristhian STUANI,0,Forward,RCD Espanyol,Spain,27,Uruguay,FALSE,
307026,Cristian GAMBOA,0,Defender,Rosenborg BK,Norway,24,Costa Rica,FALSE,
216567,Cristian RODRIGUEZ,0,Midfielder,Atletico Madrid,Spain,28,Uruguay,FALSE,
200209,Cristian ZAPATA,0,Defender,AC Milan,Italy,27,Colombia,FALSE,
228624,Cristopher TOSELLI,0,Goalkeeper,CD Universidad Catolica,Chile,26,Chile,TRUE,
175498,DaMarcus BEASLEY,0,Defender,Puebla FC,Mexico,32,USA,FALSE,
190962,DANI ALVES,0,Defender,FC Barcelona,Spain,31,Brazil,FALSE,
199160,Daniel CAMBRONERO,0,Goalkeeper,CS Herediano,Costa Rica,28,Costa Rica,TRUE,
379888,Daniel DAVARI,0,Goalkeeper,Eintracht Braunschweig,Germany,26,Iran,FALSE,
269071,Daniel OPARE,0,Defender,Standard Liege,Belgium,23,Ghana,FALSE,
375523,Daniel VAN BUYTEN,0,Defender,FC Bayern Muenchen,Germany,36,Belgium,FALSE,
209119,Daniele DE ROSSI,0,Midfielder,AS Roma,Italy,30,Italy,TRUE,
210702,Danijel PRANJIC,0,Defender,Panathinaikos FC,Greece,32,Croatia,FALSE,
299887,Danijel SUBASIC,0,Goalkeeper,AS Monaco,France,29,Croatia,FALSE,
274034,Danny WELBECK,0,Forward,Manchester United FC,England,23,England,TRUE,
367913,DANTE,0,Defender,FC Bayern Muenchen,Germany,30,Brazil,FALSE,
200259,Dany NOUNKEU,0,Defender,Besiktas JK,Turkey,28,Cameroon,FALSE,
210704,Darijo SRNA,0,Defender,Shakhtar Donetsk,Ukraine,32,Croatia,FALSE,
290800,Dario VIDOSIC,0,Midfielder,FC Sion,Switzerland,27,Australia,FALSE,
319428,Daryl JANMAAT,0,Defender,Feyenoord Rotterdam,Netherlands,24,Netherlands,TRUE,
269859,David DE GEA,0,Goalkeeper,Manchester United FC,England,23,Spain,FALSE,
228686,David OSPINA,0,Goalkeeper,OGC Nice,France,25,Colombia,FALSE,
200176,David SILVA,0,Midfielder,Manchester City FC,England,28,Spain,FALSE,
368973,DeAndre YEDLIN,0,Defender,Seattle Sounders FC,USA,20,USA,TRUE,
312432,Dejan LOVREN,0,Defender,Southampton FC,England,24,Croatia,FALSE,
358049,Denis GLUSHAKOV,0,Midfielder,FC Spartak Moscow,Russia,27,Russia,TRUE,
212306,Didier DROGBA,0,Forward,Galatasaray SK,Turkey,36,Ivory Coast,FALSE,
176971,Didier ZOKORA,0,Defender,Trabzonspor,Turkey,33,Ivory Coast,FALSE,
367555,Die SEREY,0,Midfielder,FC Basel,Switzerland,29,Ivory Coast,FALSE,
196633,Diego BENAGLIO,0,Goalkeeper,VfL Wolfsburg,Germany,30,Switzerland,FALSE,
336837,Diego CALVO,0,Midfielder,Valerenga IF,Norway,23,Costa Rica,FALSE,
367920,Diego COSTA,0,Forward,Atletico Madrid,Spain,25,Spain,TRUE,
189259,Diego FORLAN,0,Forward,Cerezo Osaka,Japan,35,Uruguay,FALSE,
239433,Diego LUGANO,0,Defender,West Bromwich Albion FC,England,33,Uruguay,FALSE,
185359,Diego PEREZ,0,Midfielder,Bologna FC,Italy,34,Uruguay,FALSE,
308082,Diego REYES,0,Defender,FC Porto,Portugal,21,Mexico,FALSE,
215513,Dimitrios SALPINGIDIS,0,Forward,PAOK FC,Greece,32,Greece,TRUE,
217313,Dirk KUYT,0,Forward,Fenerbahce SK,Turkey,33,Netherlands,FALSE,
323339,Djamel MESBAH,0,Defender,AS Livorno,Italy,29,Algeria,FALSE,
300237,Dmitry KOMBAROV,0,Defender,FC Spartak Moscow,Russia,27,Russia,TRUE,
299896,Domagoj VIDA,0,Defender,FC Dynamo Kyiv,Ukraine,25,Croatia,FALSE,
213871,Donis ESCOBER,0,Goalkeeper,CD Olimpia,Honduras,33,Honduras,TRUE,
368009,Ebenezer ODUNLAMI,0,Defender,Sunshine Stars FC,Nigeria,23,Nigeria,TRUE,
296312,Edder DELGADO,0,Midfielder,Real Espana,Honduras,27,Honduras,TRUE,
273996,Eden HAZARD,0,Midfielder,Chelsea FC,England,23,Belgium,FALSE,
359436,EDER,0,Forward,Sporting Braga,Portugal,26,Portugal,TRUE,
369546,Eder BALANTA,0,Defender,CA River Plate,Argentina,21,Colombia,FALSE,
336791,Edgar SALLI,0,Midfielder,RC Lens,France,21,Cameroon,FALSE,
365747,Edin VISCA,0,Forward,Istanbul BBSK,Turkey,24,Bosnia & Herzegovina,FALSE,
178842,Edison MENDEZ,0,Midfielder,Independiente Santa Fe,Colombia,35,Ecuador,FALSE,
214384,EDUARDO,0,Forward,Shakhtar Donetsk,Ukraine,31,Croatia,FALSE,
299066,EDUARDO,0,Goalkeeper,Sporting Braga,Portugal,31,Portugal,TRUE,
273291,Efe AMBROSE,0,Defender,Celtic FC,Scotland,25,Nigeria,FALSE,
286238,Egidio AREVALO,0,Midfielder,CA Monarcas Morelia,Mexico,32,Uruguay,FALSE,
288961,Ehsan HAJI SAFI,0,Midfielder,Sepahan FC,Iran,24,Iran,TRUE,
198117,Eiji KAWASHIMA,0,Goalkeeper,Standard Liege,Belgium,31,Japan,FALSE,
296994,El Arabi SOUDANI,0,Forward,GNK Dinamo Zagreb,Croatia,26,Algeria,FALSE,
319340,Eliaquim MANGALA,0,Defender,FC Porto,Portugal,23,France,FALSE,
230117,Emilio IZAGUIRRE,0,Midfielder,Celtic FC,Scotland,28,Honduras,FALSE,
216069,Emir SPAHIC,0,Defender,Bayer 04 Leverkusen,Germany,33,Bosnia & Herzegovina,FALSE,
274946,Emmanuel AGYEMANG BADU,0,Midfielder,Udinese Calcio,Italy,23,Ghana,FALSE,
364763,Emmanuel EMENIKE,0,Forward,Fenerbahce SK,Turkey,27,Nigeria,FALSE,
310048,Enoh EYONG,0,Midfielder,Antalyaspor AS,Turkey,28,Cameroon,FALSE,
316997,Enzo PEREZ,0,Midfielder,SL Benfica,Portugal,28,Argentina,FALSE,
312316,Eric CHOUPO MOTING,0,Forward,FSV Mainz 05,Germany,25,Cameroon,FALSE,
379952,Erik DURM,0,Defender,Borussia Dortmund,Germany,22,Germany,TRUE,
372989,Ermin BICAKCIC,0,Defender,Eintracht Braunschweig,Germany,24,Bosnia & Herzegovina,FALSE,
356162,Esseid BELKALEM,0,Defender,Watford FC,England,25,Algeria,FALSE,
313874,Esteban PAREDES,0,Forward,CSD Colo-Colo,Chile,33,Chile,TRUE,
209168,Eugene GALEKOVIC,0,Goalkeeper,Adelaide United FC,Australia,33,Australia,TRUE,
349592,Eugenio MENA,0,Defender,Santos FC,Brazil,25,Chile,FALSE,
200130,Ezequiel GARAY,0,Defender,SL Benfica,Portugal,27,Argentina,FALSE,
229392,Ezequiel LAVEZZI,0,Forward,Paris Saint-Germain FC,France,29,Argentina,FALSE,
311174,Fabian JOHNSON,0,Defender,TSG 1899 Hoffenheim,Germany,26,USA,FALSE,
281252,Fabian ORELLANA,0,Forward,Celta Vigo,Spain,28,Chile,FALSE,
356411,Fabian SCHAER,0,Defender,FC Basel,Switzerland,22,Switzerland,TRUE,
269784,FABIO COENTRAO,0,Defender,Real Madrid CF,Spain,26,Portugal,FALSE,
367396,Fabrice OLINGA,0,Forward,SV Zulte Waregem,Belgium,18,Cameroon,FALSE,
364088,Faouzi GHOULAM,0,Defender,SSC Napoli,Italy,23,Algeria,FALSE,
94918,Faryd MONDRAGON,0,Goalkeeper,Deportivo Cali,Colombia,43,Colombia,TRUE,
376071,Fatawu DAUDA,0,Goalkeeper,Orlando Pirates,South Africa,29,Ghana,FALSE,
318034,Federico FERNANDEZ,0,Defender,SSC Napoli,Italy,25,Argentina,FALSE,
228715,Felipe CAICEDO,0,Forward,Al Jazira SCC,United Arab Emirates,25,Ecuador,FALSE,
349588,Felipe GUTIERREZ,0,Midfielder,FC Twente,Netherlands,23,Chile,FALSE,
201001,Fernando GAGO,0,Midfielder,CA Boca Juniors,Argentina,28,Argentina,TRUE,
229498,Fernando MUSLERA,0,Goalkeeper,Galatasaray SK,Turkey,28,Uruguay,FALSE,
375459,Fidel MARTINEZ,0,Midfielder,Club Tijuana,Mexico,24,Ecuador,FALSE,
209960,Francisco RODRIGUEZ,0,Defender,Club America,Mexico,32,Mexico,TRUE,
349582,Francisco SILVA,0,Midfielder,CA Osasuna,Spain,28,Chile,FALSE,
185385,Frank LAMPARD,0,Midfielder,Chelsea FC,England,36,England,TRUE,
362881,Fraser FORSTER,0,Goalkeeper,Celtic FC,Scotland,26,England,FALSE,
200219,Fredy GUARIN,0,Midfielder,FC Internazionale,Italy,27,Colombia,FALSE,
349578,Frickson ERAZO,0,Defender,CR Flamengo,Brazil,26,Ecuador,FALSE,
229450,Gabriel ACHILIER,0,Defender,CS Emelec,Ecuador,29,Ecuador,TRUE,
233333,Gabriel PALETTA,0,Defender,Parma FC,Italy,28,Italy,TRUE,
305764,Gary CAHILL,0,Defender,Chelsea FC,England,28,England,TRUE,
267527,Gary MEDEL,0,Defender,Cardiff City FC,England,26,Chile,FALSE,
312116,Gaston RAMIREZ,0,Midfielder,Southampton FC,England,23,Uruguay,FALSE,
216650,Gelson FERNANDES,0,Midfielder,SC Freiburg,Germany,27,Switzerland,FALSE,
321971,Geoff CAMERON,0,Defender,Stoke City FC,England,28,USA,FALSE,
168832,Georgios KARAGOUNIS,0,Midfielder,Fulham FC,England,37,Greece,FALSE,
319298,Georgios TZAVELAS,0,Defender,PAOK FC,Greece,26,Greece,TRUE,
358869,Georgy SHCHENNIKOV,0,Defender,CSKA Moscow,Russia,23,Russia,TRUE,
216973,Gerard PIQUE,0,Defender,FC Barcelona,Spain,27,Spain,TRUE,
329737,Ghasem HADADIFAR,0,Midfielder,Zob Ahan Isfahan FC,Iran,30,Iran,TRUE,
268821,Giancarlo GONZALEZ,0,Defender,Columbus Crew,USA,26,Costa Rica,FALSE,
159304,Gianluigi BUFFON,0,Goalkeeper,Juventus FC,Italy,36,Italy,TRUE,
215274,Giorgio CHIELLINI,0,Defender,Juventus FC,Italy,29,Italy,TRUE,
332293,Giovanni SIO,0,Forward,FC Basel,Switzerland,25,Ivory Coast,FALSE,
197464,Glen JOHNSON,0,Defender,Liverpool FC,England,29,England,TRUE,
356459,Godfrey OBOABONA,0,Defender,Caykur Rizespor,Turkey,23,Nigeria,FALSE,
261029,Gokhan INLER,0,Midfielder,SSC Napoli,Italy,29,Switzerland,FALSE,
229439,Gonzalo JARA,0,Defender,Nottingham Forest FC,England,28,Chile,FALSE,
357990,Gordon SCHILDENFELD,0,Defender,Panathinaikos FC,Greece,29,Croatia,FALSE,
321736,Gotoku SAKAI,0,Defender,VfB Stuttgart,Germany,23,Japan,FALSE,
360728,Graham ZUSI,0,Midfielder,Sporting Kansas City,USA,27,USA,TRUE,
215285,Guillermo OCHOA,0,Goalkeeper,AC Ajaccio,France,28,Mexico,FALSE,
298676,HA Daesung,0,Midfielder,Beijing Guoan,China,29,South Korea,FALSE,
274329,HAN Kookyoung,0,Midfielder,Kashiwa Reysol,Japan,24,South Korea,FALSE,
233167,Haris MEDUNJANIN,0,Midfielder,Gaziantepspor,Turkey,29,Bosnia & Herzegovina,FALSE,
294626,Harrison AFFUL,0,Defender,Esperance Sportive de Tunis,Tunisia,27,Ghana,FALSE,
295157,Hashem BEIKZADEH,0,Midfielder,Esteghlal Tehran FC,Iran,30,Iran,TRUE,
183882,Hassan YEBDA,0,Midfielder,Udinese Calcio,Italy,30,Algeria,FALSE,
329092,Hector HERRERA,0,Midfielder,FC Porto,Portugal,24,Mexico,FALSE,
238112,Hector MORENO,0,Defender,RCD Espanyol,Spain,26,Mexico,FALSE,
313805,Heiner MORA,0,Defender,Deportivo Saprissa,Costa Rica,29,Costa Rica,TRUE,
187203,HELDER POSTIGA,0,Forward,SS Lazio,Italy,31,Portugal,FALSE,
317072,Henri BEDIMO,0,Defender,Olympique Lyonnais,France,30,Cameroon,FALSE,
298613,HENRIQUE,0,Defender,SSC Napoli,Italy,27,Brazil,FALSE,
239424,HERNANES,0,Midfielder,FC Internazionale,Italy,29,Brazil,FALSE,
350003,Hiroki SAKAI,0,Defender,Hannover 96,Germany,24,Japan,FALSE,
347716,Hiroshi KIYOTAKE,0,Forward,1. FC Nuernberg,Germany,24,Japan,FALSE,
312679,HONG Jeongho,0,Defender,FC Augsburg,Germany,24,South Korea,FALSE,
329745,Hossein MAHINI,0,Defender,Perspolis FC,Iran,27,Iran,TRUE,
356466,Hotaru YAMAGUCHI,0,Midfielder,Cerezo Osaka,Japan,23,Japan,TRUE,
214410,HUGO ALMEIDA,0,Forward,Besiktas JK,Turkey,30,Portugal,FALSE,
356612,Hugo CAMPAGNARO,0,Defender,FC Internazionale,Italy,33,Argentina,FALSE,
297105,Hugo LLORIS,0,Goalkeeper,Tottenham Hotspur FC,England,27,France,FALSE,
318172,HULK,0,Forward,FC Zenit St. Petersburg,Russia,27,Brazil,FALSE,
356518,HWANG Seokho,0,Defender,Sanfrecce Hiroshima,Japan,24,South Korea,FALSE,
228936,Ignazio ABATE,0,Defender,AC Milan,Italy,27,Italy,TRUE,
215017,Igor AKINFEEV,0,Goalkeeper,CSKA Moscow,Russia,28,Russia,TRUE,
216438,Igor DENISOV,0,Midfielder,FC Dynamo Moscow,Russia,30,Russia,TRUE,
176644,Iker CASILLAS,0,Goalkeeper,Real Madrid CF,Spain,33,Spain,TRUE,
358024,Ioannis FETFATZIDIS,0,Forward,Genoa CFC,Italy,23,Greece,FALSE,
321731,Ioannis MANIATIS,0,Midfielder,Olympiacos Piraeus FC,Greece,27,Greece,TRUE,
371042,Isaac BRIZUELA,0,Midfielder,Deportivo Toluca FC,Mexico,23,Mexico,TRUE,
376360,Ismael DIOMANDE,0,Midfielder,AS Saint-Etienne,France,21,Ivory Coast,FALSE,
291329,Ismael TIOTE,0,Midfielder,Newcastle United FC,England,27,Ivory Coast,FALSE,
370062,Ivan FRANJIC,0,Defender,Brisbane Roar FC,Australia,26,Australia,TRUE,
369050,Ivan MOCINIC,0,Midfielder,HNK Rijeka,Croatia,21,Croatia,TRUE,
296633,Ivan RAKITIC,0,Midfielder,Sevilla FC,Spain,26,Croatia,FALSE,
356403,Izet HAJROVIC,0,Midfielder,Galatasaray SK,Turkey,22,Bosnia & Herzegovina,FALSE,
330565,Jack WILSHERE,0,Midfielder,Arsenal FC,England,22,England,TRUE,
349572,Jaimen AYOVI,0,Forward,Club Tijuana,Mexico,26,Ecuador,FALSE,
278072,Jalal HOSSEINI,0,Defender,Perspolis FC,Iran,32,Iran,TRUE,
295149,James HOLLAND,0,Midfielder,FK Austria Wien,Austria,25,Australia,FALSE,
207924,James MILNER,0,Midfielder,Manchester City FC,England,28,England,TRUE,
290605,James TROISI,0,Midfielder,Melbourne Victory FC,Australia,25,Australia,TRUE,
367415,Jasmin FEJZIC,0,Goalkeeper,VfR Aalen,Germany,28,Bosnia & Herzegovina,FALSE,
306364,Jason DAVIDSON,0,Defender,SC Heracles Almelo,Netherlands,22,Australia,FALSE,
358738,Jasper CILLESSEN,0,Goalkeeper,AFC Ajax,Netherlands,25,Netherlands,TRUE,
185641,Javad NEKOUNAM,0,Midfielder,Kuwait SC,Kuwait,33,Iran,FALSE,
270714,Javi MARTINEZ,0,Midfielder,FC Bayern Muenchen,Germany,25,Spain,FALSE,
350124,Javier AQUINO,0,Midfielder,Villarreal CF,Spain,24,Mexico,FALSE,
182372,Javier MASCHERANO,0,Midfielder,FC Barcelona,Spain,30,Argentina,FALSE,
367557,Jean Daniel AKPA,0,Defender,Toulouse FC,France,21,Ivory Coast,FALSE,
199600,Jean MAKOUN,0,Midfielder,Stade Rennais FC,France,31,Cameroon,FALSE,
184320,JEFFERSON,0,Goalkeeper,Botafogo FR,Brazil,31,Brazil,TRUE,
290452,Jefferson MONTERO,0,Midfielder,CA Monarcas Morelia,Mexico,24,Ecuador,FALSE,
298681,Jeremain LENS,0,Forward,FC Dynamo Kyiv,Ukraine,26,Netherlands,FALSE,
299442,Jerome BOATENG,0,Defender,FC Bayern Muenchen,Germany,25,Germany,TRUE,
323623,Jerry BENGTSON,0,Forward,New England Revolution,USA,27,Honduras,FALSE,
213953,Jerry PALACIOS,0,Midfielder,LD Alajuelense,Costa Rica,32,Honduras,FALSE,
330689,JI Dongwon,0,Midfielder,FC Augsburg,Germany,23,South Korea,FALSE,
217172,JO,0,Forward,Atletico Mineiro,Brazil,27,Brazil,TRUE,
200199,JOAO MOUTINHO,0,Midfielder,AS Monaco,France,27,Portugal,FALSE,
214407,JOAO PEREIRA,0,Defender,Valencia CF,Spain,30,Portugal,FALSE,
305972,Joao ROJAS,0,Forward,Cruz Azul FC,Mexico,25,Ecuador,FALSE,
299956,Joe HART,0,Goalkeeper,Manchester City FC,England,27,England,TRUE,
313051,Joel VELTMAN,0,Defender,AFC Ajax,Netherlands,22,Netherlands,TRUE,
216645,Johan DJOUROU,0,Defender,Hamburger SV,Germany,27,Switzerland,FALSE,
298582,John BOYE,0,Defender,Stade Rennais FC,France,27,Ghana,FALSE,
234463,John Obi MIKEL,0,Midfielder,Chelsea FC,England,27,Nigeria,FALSE,
339447,Johnny ACOSTA,0,Defender,LD Alajuelense,Costa Rica,30,Costa Rica,TRUE,
178630,Johnny HERRERA,0,Goalkeeper,Club Universidad de Chile,Chile,33,Chile,TRUE,
298677,Jonathan DE GUZMAN,0,Midfielder,Swansea City AFC,England,26,Netherlands,FALSE,
306634,Jonathan MENSAH,0,Defender,Evian TG FC,France,23,Ghana,FALSE,
353235,Jordan AYEW,0,Forward,FC Sochaux-Montbliard,France,22,Ghana,FALSE,
356189,Jordan HENDERSON,0,Midfielder,Liverpool FC,England,24,England,TRUE,
306954,Jordi ALBA,0,Defender,FC Barcelona,Spain,25,Spain,TRUE,
358732,Jordy CLASIE,0,Midfielder,Feyenoord Rotterdam,Netherlands,22,Netherlands,TRUE,
230114,Jorge CLAROS,0,Midfielder,CD Motagua,Honduras,28,Honduras,TRUE,
276132,Jorge FUCILE,0,Defender,FC Porto,Portugal,29,Uruguay,FALSE,
181930,Jorge GUAGUA,0,Defender,CS Emelec,Ecuador,32,Ecuador,TRUE,
358022,Jose CHOLEVAS,0,Defender,Olympiacos Piraeus FC,Greece,29,Greece,TRUE,
195231,Jose CORONA,0,Goalkeeper,Cruz Azul FC,Mexico,33,Mexico,TRUE,
268822,Jose CUBERO,0,Midfielder,CS Herediano,Costa Rica,27,Costa Rica,TRUE,
229440,Jose FUENZALIDA,0,Midfielder,CSD Colo-Colo,Chile,29,Chile,TRUE,
368655,Jose GIMENEZ,0,Defender,Atletico Madrid,Spain,19,Uruguay,FALSE,
349832,Jose Maria BASANTA,0,Defender,CF Monterrey,Mexico,30,Argentina,FALSE,
245156,Jose ROJAS,0,Defender,Club Universidad de Chile,Chile,30,Chile,TRUE,
379264,Jose VAZQUEZ,0,Midfielder,Club Leon,Mexico,26,Mexico,TRUE,
178403,Joseph YOBO,0,Defender,Norwich City FC,England,33,Nigeria,FALSE,
356399,Josip DRMIC,0,Forward,1. FC Nuernberg,Germany,21,Switzerland,FALSE,
238072,Jozy ALTIDORE,0,Forward,Sunderland AFC,England,24,USA,FALSE,
296303,Juan Carlos GARCIA,0,Defender,Wigan Athletic FC,England,26,Honduras,FALSE,
365464,Juan MONTES,0,Defender,CD Motagua,Honduras,28,Honduras,TRUE,
349576,Juan PAREDES,0,Defender,Barcelona SC,Ecuador,26,Ecuador,TRUE,
229443,Juan ZUNIGA,0,Defender,SSC Napoli,Italy,28,Colombia,FALSE,
207906,JUANFRAN,0,Defender,Atletico Madrid,Spain,29,Spain,TRUE,
358692,Julian DRAXLER,0,Midfielder,FC Schalke 04,Germany,20,Germany,TRUE,
179038,JULIO CESAR,0,Goalkeeper,Toronto FC,Canada,34,Brazil,FALSE,
198546,JUNG Sungryong,0,Goalkeeper,Suwon Bluewings FC,South Korea,29,South Korea,TRUE,
209940,Junior DIAZ,0,Defender,FSV Mainz 05,Germany,30,Costa Rica,FALSE,
356712,Juwon OSHANIWA,0,Defender,FC Ashdod,Israel,23,Nigeria,FALSE,
330659,Karim ANSARI FARD,0,Forward,Tractor Sazi Tabriz FC,Iran,24,Iran,TRUE,
315424,Kenneth OMERUO,0,Defender,Middlesbrough FC,England,20,Nigeria,FALSE,
358694,Kevin GROSSKREUTZ,0,Defender,Borussia Dortmund,Germany,25,Germany,TRUE,
290903,Kevin MIRALLAS,0,Forward,Everton FC,England,26,Belgium,FALSE,
196897,Kevin Prince BOATENG,0,Forward,FC Schalke 04,Germany,27,Ghana,FALSE,
199175,Keylor NAVAS,0,Goalkeeper,Levante UD,Spain,27,Costa Rica,FALSE,
306206,Khosro HEYDARI,0,Forward,Esteghlal Tehran FC,Iran,30,Iran,TRUE,
268406,KI Sungyueng,0,Midfielder,Sunderland AFC,England,25,South Korea,FALSE,
291389,KIM Bokyung,0,Midfielder,Cardiff City FC,England,24,South Korea,FALSE,
278126,KIM Changsoo,0,Defender,Kashiwa Reysol,Japan,28,South Korea,FALSE,
274281,KIM Seunggyu,0,Goalkeeper,Ulsan Hyundai FC,South Korea,23,South Korea,TRUE,
321745,KIM Shinwook,0,Forward,Ulsan Hyundai FC,South Korea,26,South Korea,TRUE,
375754,KIM Younggwon,0,Defender,Guangzhou Evergrande FC,China,24,South Korea,FALSE,
313410,KOKE,0,Midfielder,Atletico Madrid,Spain,22,Spain,TRUE,
178963,Kolo TOURE,0,Defender,Liverpool FC,England,33,Ivory Coast,FALSE,
297839,Konan YA,0,Midfielder,Hannover 96,Germany,30,Ivory Coast,FALSE,
214887,Konstantinos KATSOURANIS,0,Midfielder,PAOK FC,Greece,35,Greece,TRUE,
323556,Konstantinos MANOLAS,0,Defender,Olympiacos Piraeus FC,Greece,23,Greece,TRUE,
318768,Konstantinos MITROGLOU,0,Forward,Fulham FC,England,26,Greece,FALSE,
294619,Kwadwo ASAMOAH,0,Midfielder,Juventus FC,Italy,25,Ghana,FALSE,
212410,KWAK Taehwi,0,Defender,Al Hilal FC,Saudi Arabia,32,South Korea,FALSE,
175512,Kyle BECKERMAN,0,Midfielder,Real Salt Lake,USA,32,USA,TRUE,
200262,Landry NGUEMO,0,Midfielder,FC Girondins Bordeaux,France,28,Cameroon,FALSE,
290822,Laurent CIMAN,0,Defender,Standard Liege,Belgium,28,Belgium,TRUE,
358012,Laurent KOSCIELNY,0,Defender,Arsenal FC,England,28,France,FALSE,
299086,Lazaros CHRISTODOULOPOULOS,0,Midfielder,Bologna FC,Italy,27,Greece,FALSE,
306818,LEE Bumyoung,0,Goalkeeper,Busan IPark FC,South Korea,25,South Korea,TRUE,
268414,LEE Chungyong,0,Midfielder,Bolton Wanderers FC,England,25,South Korea,FALSE,
363578,LEE Yong,0,Defender,Ulsan Hyundai FC,South Korea,27,South Korea,TRUE,
305768,Leighton BAINES,0,Defender,Everton FC,England,29,England,TRUE,
321641,Leonardo BONUCCI,0,Defender,Juventus FC,Italy,27,Italy,TRUE,
354883,Liassine CADAMURO,0,Defender,RCD Mallorca,Spain,26,Algeria,FALSE,
355859,Loic FEUDJOU,0,Goalkeeper,Coton Sport FC,Cameroon,22,Cameroon,TRUE,
299878,Loic REMY,0,Forward,Newcastle United FC,England,27,France,FALSE,
359235,Lorenzo INSIGNE,0,Forward,SSC Napoli,Italy,23,Italy,TRUE,
215484,Loukas VYNTRA,0,Defender,Levante UD,Spain,33,Greece,FALSE,
200133,Lucas BIGLIA,0,Midfielder,SS Lazio,Italy,28,Argentina,FALSE,
368860,Lucas DIGNE,0,Defender,Paris Saint-Germain FC,France,20,France,TRUE,
270400,Luis GARRIDO,0,Midfielder,CD Olimpia,Honduras,23,Honduras,TRUE,
380009,Luis LOPEZ,0,Goalkeeper,Real Espana,Honduras,20,Honduras,TRUE,
359428,LUIS NETO,0,Defender,FC Zenit St. Petersburg,Russia,26,Portugal,FALSE,
202280,Luis SARITAMA,0,Midfielder,Barcelona SC,Ecuador,30,Ecuador,TRUE,
367918,LUIZ GUSTAVO,0,Midfielder,VfL Wolfsburg,Germany,26,Brazil,FALSE,
241559,Luka MODRIC,0,Midfielder,Real Madrid CF,Spain,28,Croatia,FALSE,
196789,Lukas PODOLSKI,0,Forward,Arsenal FC,England,29,Germany,FALSE,
336450,Luke SHAW,0,Defender,Southampton FC,England,18,England,TRUE,
215208,Madjid BOUGUERRA,0,Defender,Lekhwiya SC,Qatar,31,Algeria,FALSE,
181406,MAICON,0,Defender,AS Roma,Italy,32,Brazil,FALSE,
367393,Majeed WARIS,0,Forward,Valenciennes FC,France,22,Ghana,FALSE,
289027,Makoto HASEBE,0,Midfielder,1. FC Nuernberg,Germany,30,Japan,FALSE,
358885,Maksim KANUNNIKOV,0,Forward,FK Amkar Perm,Russia,22,Russia,TRUE,
274135,Mamadou SAKHO,0,Defender,Liverpool FC,England,24,France,FALSE,
275112,Manabu SAITO,0,Forward,Yokohama F-Marinos,Japan,24,Japan,TRUE,
228912,Manuel NEUER,0,Goalkeeper,FC Bayern Muenchen,Germany,28,Germany,TRUE,
218284,MARCELO,0,Defender,Real Madrid CF,Spain,26,Brazil,FALSE,
380000,Marcelo BROZOVIC,0,Midfielder,GNK Dinamo Zagreb,Croatia,21,Croatia,TRUE,
233530,Marcelo DIAZ,0,Midfielder,FC Basel,Switzerland,27,Chile,FALSE,
319311,Marco FABIAN,0,Midfielder,Cruz Azul FC,Mexico,24,Mexico,TRUE,
378836,Marco PAROLO,0,Midfielder,Parma FC,Italy,29,Italy,TRUE,
359217,Marco VERRATTI,0,Midfielder,Paris Saint-Germain FC,France,21,Italy,FALSE,
306144,Mariano ANDUJAR,0,Goalkeeper,Calcio Catania,Italy,30,Argentina,FALSE,
319470,Mario GAVRANOVIC,0,Forward,FC Zuerich,Switzerland,24,Switzerland,TRUE,
296297,Mario MARTINEZ,0,Midfielder,Real Espana,Honduras,24,Honduras,TRUE,
3408,Mario YEPES,0,Defender,Atalanta Bergamo,Italy,38,Colombia,FALSE,
178299,Mark BRESCIANO,0,Midfielder,Al Gharafa SC,Qatar,34,Australia,FALSE,
197411,Mark MILLIGAN,0,Midfielder,Melbourne Victory FC,Australia,28,Australia,TRUE,
267829,Martin CACERES,0,Defender,Juventus FC,Italy,27,Uruguay,FALSE,
233703,Martin DEMICHELIS,0,Defender,Manchester City FC,England,33,Argentina,FALSE,
175629,Martin SILVA,0,Goalkeeper,CR Vasco da Gama,Brazil,31,Uruguay,FALSE,
227839,Marvin CHAVEZ,0,Midfielder,CD Chivas USA,USA,30,Honduras,FALSE,
233497,Masahiko INOHA,0,Defender,Jubilo Iwata,Japan,28,Japan,TRUE,
268594,Masato MORISHIGE,0,Defender,FC Tokyo,Japan,27,Japan,TRUE,
213170,Masoud SHOJAEI,0,Forward,UD Las Palmas,Spain,30,Iran,FALSE,
339116,Massimo LUONGO,0,Midfielder,Swindon Town FC,England,21,Australia,FALSE,
339987,Mateo KOVACIC,0,Midfielder,FC Internazionale,Italy,20,Croatia,FALSE,
321697,Mathew LECKIE,0,Forward,FSV Frankfurt,Germany,23,Australia,FALSE,
358011,Mathieu DEBUCHY,0,Defender,Newcastle United FC,England,28,France,FALSE,
370523,Mathis BOLLY,0,Midfielder,Fortuna Duesseldorf,Germany,23,Ivory Coast,FALSE,
367433,Matt BESLER,0,Defender,Sporting Kansas City,USA,27,USA,TRUE,
197409,Matt McKAY,0,Midfielder,Brisbane Roar FC,Australia,31,Australia,TRUE,
288824,Matteo DARMIAN,0,Defender,Torino FC,Italy,24,Italy,TRUE,
229051,Matthew SPIRANOVIC,0,Defender,Western Sydney Wanderers FC,Australia,25,Australia,TRUE,
379736,Matthias GINTER,0,Defender,SC Freiburg,Germany,20,Germany,TRUE,
359223,Mattia DE SCIGLIO,0,Defender,AC Milan,Italy,21,Italy,TRUE,
309420,Mattia PERIN,0,Goalkeeper,Genoa CFC,Italy,21,Italy,TRUE,
339117,Maty RYAN,0,Goalkeeper,Club Brugge KV,Belgium,22,Australia,FALSE,
228617,Mauricio ISLA,0,Defender,Juventus FC,Italy,26,Chile,FALSE,
201787,Mauricio PINILLA,0,Forward,Cagliari Calcio,Italy,30,Chile,FALSE,
353119,Max GRADEL,0,Midfielder,AS Saint-Etienne,France,26,Ivory Coast,FALSE,
184291,Maxi RODRIGUEZ,0,Midfielder,CA Newells Old Boys,Argentina,33,Argentina,TRUE,
286481,Maximiliano PEREIRA,0,Defender,SL Benfica,Portugal,30,Uruguay,FALSE,
302630,Maximo BANGUERA,0,Goalkeeper,Barcelona SC,Ecuador,28,Ecuador,TRUE,
207809,MAXWELL,0,Defender,Paris Saint-Germain FC,France,32,Brazil,FALSE,
271253,Maya YOSHIDA,0,Defender,Southampton FC,England,25,Japan,FALSE,
213879,Maynor FIGUEROA,0,Defender,Hull City FC,England,31,Honduras,FALSE,
321682,Medhi LACEN,0,Midfielder,Getafe CF,Spain,30,Algeria,FALSE,
354873,Mehdi MOSTEFA,0,Midfielder,AC Ajaccio,France,30,Algeria,FALSE,
267344,Mehrdad POOLADI,0,Defender,Perspolis FC,Iran,27,Iran,TRUE,
299904,Mensur MUJDZA,0,Midfielder,SC Freiburg,Germany,30,Bosnia & Herzegovina,FALSE,
349574,Michael ARROYO,0,Midfielder,Atlante FC,Mexico,27,Ecuador,FALSE,
312014,Michael BABATUNDE,0,Forward,FC Volyn Lutsk,Ukraine,21,Nigeria,FALSE,
271182,Michael BARRANTES,0,Midfielder,Aalesunds FK,Norway,30,Costa Rica,FALSE,
233531,Michael BRADLEY,0,Midfielder,Toronto FC,Canada,26,USA,FALSE,
175524,Michael ESSIEN,0,Midfielder,AC Milan,Italy,31,Ghana,FALSE,
356407,Michael LANG,0,Defender,Grasshopper Club,Switzerland,23,Switzerland,TRUE,
208120,Michael UMANA,0,Defender,Deportivo Saprissa,Costa Rica,31,Costa Rica,TRUE,
254089,Michel VORM,0,Goalkeeper,Swansea City AFC,England,30,Netherlands,FALSE,
182021,Mickael LANDREAU,0,Goalkeeper,SC Bastia,France,35,France,TRUE,
371044,Miguel LAYUN,0,Defender,Club America,Mexico,25,Mexico,TRUE,
350129,Miguel PONCE,0,Defender,Deportivo Toluca FC,Mexico,25,Mexico,TRUE,
200201,MIGUEL VELOSO,0,Midfielder,FC Dynamo Kyiv,Ukraine,28,Portugal,FALSE,
379894,Miiko ALBORNOZ,0,Defender,Malmo FF,Sweden,23,Chile,FALSE,
356933,Mitch LANGERAK,0,Goalkeeper,Borussia Dortmund,Germany,25,Australia,FALSE,
312672,Mix DISKERUD,0,Midfielder,Rosenborg BK,Norway,23,USA,FALSE,
305708,Mohamed ZEMMAMOUCHE,0,Goalkeeper,USM Alger,Algeria,29,Algeria,TRUE,
311850,Mohammed RABIU,0,Midfielder,Kuban Krasnodar,Russia,24,Ghana,FALSE,
290825,Moussa DEMBELE,0,Midfielder,Tottenham Hotspur FC,England,26,Belgium,FALSE,
235097,Mubarak WAKASO,0,Midfielder,FC Rubin Kazan,Russia,23,Ghana,FALSE,
358101,Muhamed BESIC,0,Midfielder,Ferencvarosi TC,Hungary,21,Bosnia & Herzegovina,FALSE,
379939,Nabil BENTALEB,0,Midfielder,Tottenham Hotspur FC,England,19,Algeria,FALSE,
367261,Nabil GHILAS,0,Forward,FC Porto,Portugal,24,Algeria,FALSE,
358108,Nacer CHADLI,0,Midfielder,Tottenham Hotspur FC,England,24,Belgium,FALSE,
184982,Nick RIMANDO,0,Goalkeeper,Real Salt Lake,USA,35,USA,TRUE,
305378,Nicolas LODEIRO,0,Midfielder,Botafogo FR,Brazil,25,Uruguay,FALSE,
216874,Nicolas LOMBAERTS,0,Defender,FC Zenit St. Petersburg,Russia,29,Belgium,FALSE,
290931,Nicolas NKOULOU,0,Defender,Olympique Marseille,France,24,Cameroon,FALSE,
216964,Nigel DE JONG,0,Midfielder,AC Milan,Italy,29,Netherlands,FALSE,
316117,Nikica JELAVIC,0,Forward,Hull City FC,England,28,Croatia,FALSE,
178185,Noel VALLADARES,0,Goalkeeper,CD Olimpia,Honduras,37,Honduras,TRUE,
315429,Ogenyi ONAZI,0,Midfielder,SS Lazio,Italy,21,Nigeria,FALSE,
359995,Ognjen VRANJES,0,Defender,Elazigspor,Turkey,24,Bosnia & Herzegovina,FALSE,
297377,Ognjen VUKOJEVIC,0,Midfielder,FC Dynamo Kyiv,Ukraine,30,Croatia,FALSE,
306900,Okechukwu UCHEBO,0,Forward,Cercle Brugge,Belgium,24,Nigeria,FALSE,
358891,Oleg SHATOV,0,Midfielder,FC Zenit St. Petersburg,Russia,23,Russia,TRUE,
312234,Oliver BOZANIC,0,Midfielder,FC Luzern,Switzerland,25,Australia,FALSE,
369026,Oliver ZELENIKA,0,Goalkeeper,NK Lokomotiva Zagreb,Croatia,21,Croatia,TRUE,
234405,Omar GONZALEZ,0,Defender,Los Angeles Galaxy,USA,25,USA,TRUE,
228328,Orestis KARNEZIS,0,Goalkeeper,Granada CF,Spain,28,Greece,FALSE,
275793,Oscar BAGUI,0,Defender,CS Emelec,Ecuador,31,Ecuador,TRUE,
301165,Oscar GRANADOS,0,Midfielder,CS Herediano,Costa Rica,28,Costa Rica,TRUE,
297230,Osman CHAVEZ,0,Defender,Qingdao Jonoon FC,China,29,Honduras,FALSE,
184545,Oswaldo MINDA,0,Midfielder,CD Chivas,USA,30,Ecuador,FALSE,
291332,Ousmane DIARRASSOUBA,0,Defender,Caykur Rizespor,Turkey,27,Ivory Coast,FALSE,
182379,Pablo ZABALETA,0,Defender,Manchester City FC,England,29,Argentina,FALSE,
360111,Panagiotis GLYKOS,0,Goalkeeper,PAOK FC,Greece,27,Greece,TRUE,
360109,Panagiotis KONE,0,Midfielder,Bologna FC,Italy,26,Greece,FALSE,
319413,Panagiotis TACHTSIDIS,0,Midfielder,Torino FC,Italy,23,Greece,FALSE,
207761,PARK Chuyoung,0,Forward,Watford FC,England,28,South Korea,FALSE,
291398,PARK Jongwoo,0,Midfielder,Guangzhou R&F FC,China,25,South Korea,FALSE,
268411,PARK Jooho,0,Defender,FSV Mainz 05,Germany,27,South Korea,FALSE,
212246,Patrice EVRA,0,Defender,Manchester United FC,England,33,France,FALSE,
214874,Patrick PEMBERTON,0,Goalkeeper,LD Alajuelense,Costa Rica,32,Costa Rica,TRUE,
289195,Paul AGUILAR,0,Defender,Club America,Mexico,28,Mexico,TRUE,
254091,Paul VERHAEGH,0,Defender,FC Augsburg,Germany,30,Netherlands,FALSE,
362727,PAULINHO,0,Midfielder,Tottenham Hotspur FC,England,25,Brazil,FALSE,
297383,Pavel MOGILEVETC,0,Midfielder,FC Rubin Kazan,Russia,21,Russia,TRUE,
318601,Pedro RODRIGUEZ,0,Forward,FC Barcelona,Spain,26,Spain,TRUE,
251481,Pejman MONTAZERI,0,Defender,Umm Salal SC,Qatar,30,Iran,FALSE,
275931,PEPE,0,Defender,Real Madrid CF,Spain,31,Portugal,FALSE,
175413,Pepe REINA,0,Goalkeeper,SSC Napoli,Italy,31,Spain,FALSE,
207888,Per MERTESACKER,0,Defender,Arsenal FC,England,29,Germany,FALSE,
299960,Phil JAGIELKA,0,Defender,Everton FC,England,31,England,TRUE,
358009,Phil JONES,0,Defender,Manchester United FC,England,22,England,TRUE,
196748,Philipp LAHM,0,Midfielder,FC Bayern Muenchen,Germany,30,Germany,TRUE,
209989,Philippe SENDEROS,0,Defender,Valencia CF,Spain,29,Switzerland,FALSE,
214135,Pierre WEBO,0,Forward,Fenerbahce SK,Turkey,32,Cameroon,FALSE,
368708,RAFA,0,Forward,Sporting Braga,Portugal,21,Portugal,TRUE,
336043,Raheem STERLING,0,Midfielder,Liverpool FC,England,19,England,TRUE,
298516,Rahman AHMADI,0,Goalkeeper,Sepahan FC,Iran,33,Iran,TRUE,
323326,Rais MBOLHI,0,Goalkeeper,CSKA Sofia,Bulgaria,28,Algeria,FALSE,
298959,RAMIRES,0,Midfielder,Chelsea FC,England,27,Brazil,FALSE,
315436,Ramon AZEEZ,0,Midfielder,UD Almeria,Spain,21,Nigeria,FALSE,
237058,Randall BRENES,0,Forward,CSD Cartagines,Costa Rica,30,Costa Rica,TRUE,
359440,Raphael VARANE,0,Defender,Real Madrid CF,Spain,21,France,FALSE,
370469,Rashid SUMAILA,0,Defender,Mamelodi Sundowns FC,South Africa,21,Ghana,FALSE,
216820,Raul ALBIOL,0,Defender,SSC Napoli,Italy,28,Spain,FALSE,
356731,Raul JIMENEZ,0,Forward,Club America,Mexico,23,Mexico,TRUE,
210214,RAUL MEIRELES,0,Midfielder,Fenerbahce SK,Turkey,31,Portugal,FALSE,
248373,Remy Cabella,0,Forward,Montpellier HSC,France,24,France,TRUE,
216642,Reto ZIEGLER,0,Defender,US Sassuolo,Italy,28,Switzerland,FALSE,
353379,Reza HAGHIGHI,0,Midfielder,Perspolis FC,Iran,25,Iran,TRUE,
349631,Ricardo ALVAREZ,0,Midfielder,FC Internazionale,Italy,26,Argentina,FALSE,
210212,RICARDO COSTA,0,Defender,Valencia CF,Spain,33,Portugal,FALSE,
313559,Ricardo RODRIGUEZ,0,Defender,VfL Wolfsburg,Germany,21,Switzerland,FALSE,
373224,Rickie LAMBERT,0,Forward,Southampton FC,England,32,England,TRUE,
214571,Rio MAVUBA,0,Midfielder,Lille OSC,France,30,France,TRUE,
379942,Riyad MAHREZ,0,Forward,Leicester City FC,England,23,Algeria,FALSE,
319482,Rodrigo MUNOZ,0,Goalkeeper,Club Libertad,Paraguay,32,Uruguay,FALSE,
230739,Rodrigo PALACIO,0,Forward,FC Internazionale,Italy,32,Argentina,FALSE,
304934,Roger ESPINOZA,0,Midfielder,Wigan Athletic FC,England,27,Honduras,FALSE,
356676,Roman BUERKI,0,Goalkeeper,Grasshopper Club,Switzerland,23,Switzerland,TRUE,
195223,Roman WEIDENFELLER,0,Goalkeeper,Borussia Dortmund,Germany,33,Germany,TRUE,
216715,Ron VLAAR,0,Defender,Aston Villa FC,England,29,Netherlands,FALSE,
302381,Ron-Robert ZIELER,0,Goalkeeper,Hannover 96,Germany,25,Germany,TRUE,
369990,Rony MARTINEZ,0,Forward,CD Real Sociedad,Honduras,26,Honduras,TRUE,
369392,Ross BARKLEY,0,Midfielder,Everton FC,England,20,England,TRUE,
183798,Roy MILLER,0,Defender,New York Red Bulls,USA,29,Costa Rica,FALSE,
299064,RUBEN AMORIM,0,Midfielder,SL Benfica,Portugal,29,Portugal,TRUE,
356710,Ruben GABRIEL,0,Midfielder,KV Waasland-Beveren,Belgium,23,Nigeria,FALSE,
269768,RUI PATRICIO,0,Goalkeeper,Sporting CP,Portugal,26,Portugal,TRUE,
306410,Ryan McGOWAN,0,Defender,Shandong Luneng Taishan FC,China,24,Australia,FALSE,
216970,Salomon KALOU,0,Forward,Lille OSC,France,28,Ivory Coast,FALSE,
298655,Salvatore SIRIGU,0,Goalkeeper,Paris Saint-Germain FC,France,27,Italy,FALSE,
359375,SAMMIR,0,Midfielder,Getafe CF,Spain,27,Croatia,FALSE,
380663,Sammy BOSSUT,0,Goalkeeper,SV Zulte Waregem,Belgium,28,Belgium,TRUE,
370438,Sammy NDJOCK,0,Goalkeeper,Fethiyespor,Turkey,24,Cameroon,FALSE,
170667,Samuel ETOO,0,Forward,Chelsea FC,England,33,Cameroon,FALSE,
238381,Samuel INKOOM,0,Defender,FC Platanias,Greece,25,Ghana,FALSE,
297705,Santi CAZORLA,0,Midfielder,Arsenal FC,England,29,Spain,FALSE,
315614,Santiago ARIAS,0,Defender,PSV Eindhoven,Netherlands,22,Colombia,FALSE,
336434,Morgan SCHNEIDERLIN,,Midfielder,Southampton FC,England,24,France,FALSE,
366573,Saphir TAIDER,0,Midfielder,FC Internazionale,Italy,22,Algeria,FALSE,
380004,Sayouba MANDE,0,Goalkeeper,Stabaek IF,Norway,21,Ivory Coast,FALSE,
376230,Sead KOLASINAC,0,Defender,FC Schalke 04,Germany,20,Bosnia & Herzegovina,FALSE,
305382,Sebastian COATES,0,Defender,Club Nacional de Football,Uruguay,23,Uruguay,TRUE,
300407,Sejad SALIHOVIC,0,Midfielder,TSG 1899 Hoffenheim,Germany,29,Bosnia & Herzegovina,FALSE,
358099,Senad LULIC,0,Midfielder,SS Lazio,Italy,28,Bosnia & Herzegovina,FALSE,
300402,Senijad IBRICIC,0,Midfielder,Kayseri Erciyesspor,Turkey,28,Bosnia & Herzegovina,FALSE,
370522,Serge AURIER,0,Defender,Toulouse FC,France,21,Ivory Coast,FALSE,
186787,Sergey IGNASHEVICH,0,Defender,CSKA Moscow,Russia,34,Russia,TRUE,
367333,Sergey RYZHIKOV,0,Goalkeeper,FC Rubin Kazan,Russia,33,Russia,TRUE,
228528,Sergio AGUERO,0,Forward,Manchester City FC,England,26,Argentina,FALSE,
303034,Sergio BUSQUETS,0,Midfielder,FC Barcelona,Spain,25,Spain,TRUE,
216814,Sergio RAMOS,0,Defender,Real Madrid CF,Spain,28,Spain,TRUE,
266783,Sergio ROMERO,0,Goalkeeper,AS Monaco,France,27,Argentina,FALSE,
268596,Shinji KAGAWA,0,Forward,Manchester United FC,England,25,Japan,FALSE,
352394,Shkodran MUSTAFI,0,Defender,UC Sampdoria,Italy,22,Germany,FALSE,
186455,Shola AMEOBI,0,Forward,Newcastle United FC,England,32,Nigeria,FALSE,
321734,Shuichi GONDA,0,Goalkeeper,FC Tokyo,Japan,25,Japan,TRUE,
214581,Shusaku NISHIKAWA,0,Goalkeeper,Urawa Red Diamonds,Japan,28,Japan,TRUE,
336485,Sime VRSALJKO,0,Defender,Genoa CFC,Italy,22,Croatia,FALSE,
298738,Simon MIGNOLET,0,Goalkeeper,Liverpool FC,England,26,Belgium,FALSE,
207946,Souleymane BAMBA,0,Defender,Trabzonspor,Turkey,29,Ivory Coast,FALSE,
362645,Stefanos KAPINO,0,Goalkeeper,Panathinaikos FC,Greece,20,Greece,TRUE,
196605,Stephan LICHTSTEINER,0,Defender,Juventus FC,Italy,30,Switzerland,FALSE,
200935,Stephane MBIA,0,Midfielder,Sevilla FC,Spain,28,Cameroon,FALSE,
359448,Stephane RUFFIER,0,Goalkeeper,AS Saint-Etienne,France,27,France,TRUE,
323574,Stephen ADAMS,0,Goalkeeper,Aduana Stars,Ghana,24,Ghana,TRUE,
196620,Steve VON BERGEN,0,Defender,BSC Young Boys,Switzerland,31,Switzerland,TRUE,
379889,Steven BEITASHOUR,0,Defender,Vancouver Whitecaps FC,Canada,27,Iran,FALSE,
290824,Steven DEFOUR,0,Midfielder,FC Porto,Portugal,26,Belgium,FALSE,
214961,Steven GERRARD,0,Midfielder,Liverpool FC,England,34,England,TRUE,
179048,Stipe PLETIKOSA,0,Goalkeeper,FC Rostov,Russia,35,Croatia,FALSE,
183000,Sulley MUNTARI,0,Midfielder,AC Milan,Italy,29,Ghana,FALSE,
367558,Sylvain GBOHOUO,0,Goalkeeper,Sewe Sport,Ivory Coast,25,Ivory Coast,TRUE,
336085,Terence KONGOLO,0,Defender,Feyenoord Rotterdam,Netherlands,20,Netherlands,TRUE,
230517,Theofanis GEKAS,0,Forward,Konyaspor,Turkey,34,Greece,FALSE,
175689,THIAGO MOTTA,0,Midfielder,Paris Saint-Germain FC,France,31,Italy,FALSE,
358106,Thibaut COURTOIS,0,Goalkeeper,Atletico Madrid,Spain,22,Belgium,FALSE,
216880,Thomas VERMAELEN,0,Defender,Arsenal FC,England,28,Belgium,FALSE,
178420,Tim HOWARD,0,Goalkeeper,Everton FC,England,35,USA,FALSE,
232760,Tim KRUL,0,Goalkeeper,Newcastle United FC,England,26,Netherlands,FALSE,
365556,Timmy CHANDLER,0,Defender,1. FC Nuernberg,Germany,24,USA,FALSE,
379808,Tino Sven SUSIC,0,Midfielder,HNK Hajduk Split,Croatia,22,Bosnia & Herzegovina,FALSE,
290864,Toby ALDERWEIRELD,0,Defender,Atletico Madrid,Spain,25,Belgium,FALSE,
306424,Tommy OAR,0,Midfielder,FC Utrecht,Netherlands,22,Australia,FALSE,
359993,Toni SUNJIC,0,Defender,FC Zorya Lugansk,Ukraine,25,Bosnia & Herzegovina,FALSE,
268911,Toshihiro AOYAMA,0,Midfielder,Sanfrecce Hiroshima,Japan,28,Japan,TRUE,
209979,Tranquillo BARNETTA,0,Midfielder,Eintracht Frankfurt,Germany,29,Switzerland,FALSE,
338673,Uche NWOFOR,0,Forward,SC Heerenveen,Netherlands,22,Nigeria,FALSE,
267647,Uwa ECHIEJILE,0,Defender,AS Monaco,France,26,Nigeria,FALSE,
297331,Valentin STOCKER,0,Midfielder,FC Basel,Switzerland,25,Switzerland,TRUE,
216627,Valon BEHRAMI,0,Midfielder,SSC Napoli,Italy,29,Switzerland,FALSE,
215471,Vangelis MORAS,0,Defender,Hellas Verona FC,Italy,32,Greece,FALSE,
228336,Vasileios TOROSIDIS,0,Defender,AS Roma,Italy,29,Greece,FALSE,
186793,Vasily BEREZUTSKIY,0,Defender,CSKA Moscow,Russia,32,Russia,TRUE,
297373,Vedran CORLUKA,0,Defender,FC Lokomotiv Moscow,Russia,28,Croatia,FALSE,
309426,VICTOR,0,Goalkeeper,Atletico Mineiro,Brazil,31,Brazil,TRUE,
213878,Victor BERNARDEZ,0,Defender,San Jose Earthquakes,USA,32,Honduras,FALSE,
300235,Victor FAYZULIN,0,Midfielder,FC Zenit St. Petersburg,Russia,28,Russia,TRUE,
349517,Victor IBARBO,0,Forward,Cagliari Calcio,Italy,24,Colombia,FALSE,
274090,Victor MOSES,0,Forward,Liverpool FC,England,23,Nigeria,FALSE,
200205,VIEIRINHA,0,Forward,VfL Wolfsburg,Germany,28,Portugal,FALSE,
323698,Vincent ABOUBAKAR,0,Forward,FC Lorient,France,22,Cameroon,FALSE,
189300,Vincent ENYEAMA,0,Goalkeeper,Lille OSC,France,31,Nigeria,FALSE,
216004,Vincent KOMPANY,0,Defender,Manchester City FC,England,28,Belgium,FALSE,
358046,Vladimir GRANAT,0,Defender,FC Dynamo Moscow,Russia,27,Russia,TRUE,
184447,Walter AYOVI,0,Midfielder,CF Pachuca,Mexico,34,Ecuador,FALSE,
276131,Walter GARGANO,0,Midfielder,Parma FC,Italy,29,Uruguay,FALSE,
379974,Waylon FRANCIS,0,Defender,Columbus Crew,USA,23,Costa Rica,FALSE,
376349,WILLIAM,0,Midfielder,Sporting CP,Portugal,22,Portugal,TRUE,
218306,WILLIAN,0,Midfielder,Chelsea FC,England,25,Brazil,FALSE,
209827,Wilson PALACIOS,0,Midfielder,Stoke City FC,England,29,Honduras,FALSE,
177855,Xavi HERNANDEZ,0,Midfielder,FC Barcelona,Spain,34,Spain,TRUE,
319460,Yann SOMMER,0,Goalkeeper,FC Basel,Switzerland,25,Switzerland,TRUE,
177768,Yasuhito ENDO,0,Midfielder,Gamba Osaka,Japan,34,Japan,TRUE,
184373,Yasuyuki KONNO,0,Defender,Gamba Osaka,Japan,31,Japan,TRUE,
198106,Yaya TOURE,0,Midfielder,Manchester City FC,England,31,Ivory Coast,FALSE,
307541,Yeltsin TEJEDA,0,Midfielder,Deportivo Saprissa,Costa Rica,22,Costa Rica,TRUE,
358013,Yohan CABAYE,0,Midfielder,Paris Saint-Germain FC,France,28,France,TRUE,
275096,Yoichiro KAKITANI,0,Forward,Cerezo Osaka,Japan,24,Japan,TRUE,
180936,Yoshito OKUBO,0,Forward,Kawasaki Frontale,Japan,32,Japan,TRUE,
274283,YUN Sukyoung,0,Defender,Queens Park Rangers FC,England,24,South Korea,FALSE,
367343,Yury LODYGIN,0,Goalkeeper,FC Zenit St. Petersburg,Russia,24,Russia,TRUE,
216432,Yury ZHIRKOV,0,Forward,FC Dynamo Moscow,Russia,30,Russia,TRUE,
291372,Yuto NAGATOMO,0,Defender,FC Internazionale,Italy,27,Japan,FALSE,
275136,Yuya OSAKO,0,Forward,TSV 1860 Muenchen,Germany,24,Japan,FALSE,
216071,Zvjezdan MISIMOVIC,0,Midfielder,Guizhou Renhe FC,China,32,Bosnia & Herzegovina,FALSE,